<?xml version="1.0" encoding="UTF-8"?>
<beans:beans
	xmlns="http://www.springframework.org/schema/mvc"
	xmlns:xsi="http://www.w3.org/2001/XMLSchema-instance"
	xmlns:beans="http://www.springframework.org/schema/beans"
	xmlns:context="http://www.springframework.org/schema/context"
	xsi:schemaLocation="http://www.springframework.org/schema/mvc https://www.springframework.org/schema/mvc/spring-mvc.xsd
		http://www.springframework.org/schema/beans https://www.springframework.org/schema/beans/spring-beans.xsd
		http://www.springframework.org/schema/context https://www.springframework.org/schema/context/spring-context.xsd">

	<!-- DispatcherServlet Context: defines this servlet's request-processing 
		infrastructure -->

	<!-- Enables the Spring MVC @Controller programming model -->
	<annotation-driven />

	<!-- Handles HTTP GET requests for /resources/** by efficiently serving 
		up static resources in the ${webappRoot}/resources directory -->
	<resources mapping="/resources/**" location="/resources/" />

	<!-- Resolves views selected for rendering by @Controllers to .jsp resources 
		in the /WEB-INF/views directory -->
	<!-- <beans:bean class="org.springframework.web.servlet.view.InternalResourceViewResolver"> 
		<beans:property name="prefix" value="/WEB-INF/views/" /> <beans:property 
		name="suffix" value=".jsp" /> </beans:bean> -->

	<!-- Autowired기능을 사용하고 싶다면 -->
	<context:annotation-config />

	<!-- <context:component-scan base-package="com.korea.db" /> -->

	<!-- 컨트롤러 수동생성 -->
	<!-- VisitController visitController = new VisitController(); visitController.setVisit_dao(visit_daoBean); -->

<!-- 	<beans:bean id="visitController"
		class="com.korea.visit.VisitController">
		<beans:property name="visit_dao" ref="visit_daoBean" />
	</beans:bean> -->
	<beans:bean class="com.korea.bbs.BoardController">
		<beans:property name="board_dao" ref="board_daoBean"/>
	</beans:bean>

</beans:beans>
